feature,importance
cg25099095,0.01797573859885545
cg03329597,0.011772938042466376
cg01543583,0.011127300390778699
cg22138998,0.007827438221209477
cg03449867,0.007610661663708888
cg11585022,0.007248460513189951
cg27187580,0.006491449974158982
cg11993350,0.0062791472930353006
cg13275129,0.006139036539340512
cg06002687,0.005522752150488225
cg16167565,0.005518899039182857
cg08717807,0.005460542112229461
cg13972557,0.005325326726315618
cg08238319,0.005298785102104709
cg23803868,0.005165501173002674
