Model,MAE,R²
Linear Regression,45.52185308601869,-2.773964544003041
Random Forest,25.377437102266345,-0.010256421517629288
